ad_title,ad_time,ad_location,ad_description
Free checking 97609199 repair on spot,22 Aug,"Published in: Fridges , Ang Mo Kio / Bishan / Thomson",
Brand New King Size Bedframe  Open today 1pm to 10pm. .All credit cards accepted here,13 hours ago,"Published in: Sofas , Macpherson / Potong Pasir",
"100% TAIWAN PRODUCT,  4 DOOR UPRIGHT  CHILLER & FREEZER , $2250,12 MONTH WARRANTY",7 Jan,"Published in: Fridges , Eunos / Geylang / Paya Lebar",
Mattress 床垫,26 minutes ago,"Published in: Beds , Sembawang / Yishun",
镜子 mirror,26 minutes ago,"Published in: Other Home Furnishing Items , Sembawang / Yishun",
cabinet 柜子,26 minutes ago,"Published in: Other Home Furnishing Items , Sembawang / Yishun",
study table 书桌,26 minutes ago,"Published in: Other Home Furnishing Items , Sembawang / Yishun",
metal bedframe,26 minutes ago,"Published in: Beds , Sembawang / Yishun",
银色冰箱 refrige,26 minutes ago,"Published in: Fridges , Sembawang / Yishun",
Factory closing sales,59 minutes ago,"Published in: Other Home Appliances , Eunos / Geylang / Paya Lebar",
Plump Desk Chair,2 hours ago,"Published in: Chairs , Boon Lay / Jurong / Tuas",
"TV Console, Glass Showcase Cabinet & Computer Cabinet",2 hours ago,"Published in: TV Consoles , Pasir Ris / Tampines",
Jelly tips gelatine 3d art tools piping flower with free 20ml syringe,2 hours ago,"Published in: Other Home Appliances , Seletar / Yio Chu Kang",
Curtains & Blinds,3 hours ago,"Published in: Curtains & Blinds , Bukit Batok / Bukit Panjang",
Cute Salt And Pepper Shaker,3 hours ago,"Published in: Kitchen & Dinnerwares , Changi Airport / Changi Village",
Twin beds - IKEA Sultan Hjartdal mattress and frame $200.00,4 hours ago,"Published in: Beds , Orchard / River Valley",
Bosch bag less vacuum,4 hours ago,"Published in: Vacuum Cleaners , Orchard / River Valley",
"Bosch Wine cooler, 23 bottle capacity",4 hours ago,"Published in: Fridges , Orchard / River Valley",
LG Green Plasma 380l 3 ticks fridge / refrigerator ,4 hours ago,"Published in: Fridges , Bukit Batok / Bukit Panjang",
cooker can use.on gas n induction,4 hours ago,"Published in: Kitchen & Dinnerwares , Pasir Ris / Tampines",
a used tempered glass top w 4 drawers,4 hours ago,"Published in: TV Consoles , City Hall / Clarke Quay",
Bed space available ,4 hours ago,"Published in: Beds , Bedok / Upper East Coast",
a used pvc 2 seater sofa,4 hours ago,"Published in: Sofas , City Hall / Clarke Quay",
ad_title,ad_time,ad_location,ad_description
"Teak Furniture Singapore Online, Teak TV console LED TV Cabinet TV Buffet Stand Sideboard",12 hours ago,"Published in: TV Consoles , East Coast / Marine Parade",
"Water taps, kitchen sink faucet and LED retail  and installation",10 Jan,"Published in: Other Home Appliances , Ang Mo Kio / Bishan / Thomson",
"Chinese Antique Furniture Singapore, Oriental furniture Buffet Divider Asian Bookcase TV Console GSS",12 hours ago,"Published in: TV Consoles , East Coast / Marine Parade",
Mattress 床垫,26 minutes ago,"Published in: Beds , Sembawang / Yishun",
镜子 mirror,26 minutes ago,"Published in: Other Home Furnishing Items , Sembawang / Yishun",
cabinet 柜子,26 minutes ago,"Published in: Other Home Furnishing Items , Sembawang / Yishun",
study table 书桌,26 minutes ago,"Published in: Other Home Furnishing Items , Sembawang / Yishun",
metal bedframe,26 minutes ago,"Published in: Beds , Sembawang / Yishun",
银色冰箱 refrige,26 minutes ago,"Published in: Fridges , Sembawang / Yishun",
Factory closing sales,59 minutes ago,"Published in: Other Home Appliances , Eunos / Geylang / Paya Lebar",
Plump Desk Chair,2 hours ago,"Published in: Chairs , Boon Lay / Jurong / Tuas",
"TV Console, Glass Showcase Cabinet & Computer Cabinet",2 hours ago,"Published in: TV Consoles , Pasir Ris / Tampines",
Jelly tips gelatine 3d art tools piping flower with free 20ml syringe,2 hours ago,"Published in: Other Home Appliances , Seletar / Yio Chu Kang",
Curtains & Blinds,3 hours ago,"Published in: Curtains & Blinds , Bukit Batok / Bukit Panjang",
Cute Salt And Pepper Shaker,3 hours ago,"Published in: Kitchen & Dinnerwares , Changi Airport / Changi Village",
Twin beds - IKEA Sultan Hjartdal mattress and frame $200.00,4 hours ago,"Published in: Beds , Orchard / River Valley",
Bosch bag less vacuum,4 hours ago,"Published in: Vacuum Cleaners , Orchard / River Valley",
"Bosch Wine cooler, 23 bottle capacity",4 hours ago,"Published in: Fridges , Orchard / River Valley",
LG Green Plasma 380l 3 ticks fridge / refrigerator ,4 hours ago,"Published in: Fridges , Bukit Batok / Bukit Panjang",
cooker can use.on gas n induction,4 hours ago,"Published in: Kitchen & Dinnerwares , Pasir Ris / Tampines",
a used tempered glass top w 4 drawers,4 hours ago,"Published in: TV Consoles , City Hall / Clarke Quay",
Bed space available ,4 hours ago,"Published in: Beds , Bedok / Upper East Coast",
a used pvc 2 seater sofa,4 hours ago,"Published in: Sofas , City Hall / Clarke Quay",
